{
  "version": 1,
  "width": 80,
  "height": 25,
  "duration": 17.54556,
  "command": null,
  "title": null,
  "env": {
    "TERM": "xterm-256color",
    "SHELL": "/bin/zsh"
  },
  "stdout": [
    [
      0.386021,
      "\u001b[1m\u001b[7m%\u001b[27m\u001b[1m\u001b[0m                                                                               \r \r\u001b]2;subicura@subicuraui-MacBook-Pro: ~\u0007\u001b]1;~\u0007"
    ],
    [
      0.013685,
      "\r\u001b[0m\u001b[27m\u001b[24m\u001b[J\u001b[01;32m➜  \u001b[36m~\u001b[00m \u001b[K"
    ],
    [
      2.5e-05,
      "\u001b[?1h\u001b="
    ],
    [
      0.000126,
      "\u001b[?2004h"
    ],
    [
      0.764228,
      "d"
    ],
    [
      0.07903,
      "\bdo"
    ],
    [
      0.095968,
      "c"
    ],
    [
      0.111785,
      "k"
    ],
    [
      0.111553,
      "e"
    ],
    [
      0.087852,
      "r"
    ],
    [
      0.14489,
      " "
    ],
    [
      0.207897,
      "e"
    ],
    [
      0.200021,
      "x"
    ],
    [
      0.208046,
      "e"
    ],
    [
      0.072046,
      "c"
    ],
    [
      0.103704,
      " "
    ],
    [
      0.063664,
      "-"
    ],
    [
      0.192113,
      "i"
    ],
    [
      0.080364,
      "t"
    ],
    [
      0.127735,
      " "
    ],
    [
      1.20011,
      "m"
    ],
    [
      0.224182,
      "y"
    ],
    [
      0.111991,
      "s"
    ],
    [
      0.144007,
      "q"
    ],
    [
      0.07197,
      "l"
    ],
    [
      0.079871,
      " "
    ],
    [
      0.152043,
      "/"
    ],
    [
      0.20002,
      "b"
    ],
    [
      0.088064,
      "i"
    ],
    [
      0.103177,
      "n"
    ],
    [
      0.144776,
      "/"
    ],
    [
      0.103989,
      "b"
    ],
    [
      0.087936,
      "a"
    ],
    [
      0.128176,
      "s"
    ],
    [
      0.079812,
      "h"
    ],
    [
      0.50396,
      "\u001b[?1l\u001b>"
    ],
    [
      4.8e-05,
      "\u001b[?2004l\r\r\n"
    ],
    [
      0.002819,
      "\u001b]2;docker exec -it mysql /bin/bash\u0007\u001b]1;docker\u0007"
    ],
    [
      0.232824,
      "root@2e2c569115b9:/# "
    ],
    [
      1.005796,
      "m"
    ],
    [
      0.223755,
      "y"
    ],
    [
      0.119784,
      "s"
    ],
    [
      0.135998,
      "q"
    ],
    [
      0.055626,
      "l"
    ],
    [
      0.032208,
      " "
    ],
    [
      0.160089,
      "-"
    ],
    [
      0.192167,
      "u"
    ],
    [
      0.374704,
      "r"
    ],
    [
      0.089271,
      "o"
    ],
    [
      0.13587,
      "o"
    ],
    [
      0.09632,
      "t"
    ],
    [
      0.175582,
      "\r\n"
    ],
    [
      0.030468,
      "Welcome to the MySQL monitor.  Commands end with ; or \\g.\r\n"
    ],
    [
      0.000609,
      "Your MySQL connection id is 9\r\nServer version: 5.7.17 MySQL Community Server (GPL)\r\n\r\nCopyright (c) 2000, 2016, Oracle and/or its affiliates. All rights reserved.\r\n\r\nOracle is a registered trademark of Oracle Corporation and/or its\r\naffiliates. Other names may be trademarks of their respective\r\nowners.\r\n\r\n"
    ],
    [
      0.002276,
      "Type 'help;' or '\\h' for help. Type '\\c' to clear the current input statement.\r\n\r\n"
    ],
    [
      0.000252,
      "mysql> "
    ],
    [
      1.031126,
      "s"
    ],
    [
      0.079302,
      "h"
    ],
    [
      0.072258,
      "o"
    ],
    [
      0.039942,
      "w"
    ],
    [
      0.168392,
      " "
    ],
    [
      0.215854,
      "d"
    ],
    [
      0.111621,
      "a"
    ],
    [
      0.208065,
      "t"
    ],
    [
      0.111844,
      "a"
    ],
    [
      0.26431,
      "b"
    ],
    [
      0.120153,
      "a"
    ],
    [
      0.255835,
      "s"
    ],
    [
      0.103892,
      "e"
    ],
    [
      0.119902,
      "s"
    ],
    [
      0.168161,
      ";"
    ],
    [
      0.239618,
      "\r\n"
    ],
    [
      0.004227,
      "+--------------------+\r\n| Database           |\r\n+--------------------+\r\n| information_schema |\r\n| mysql              |\r\n| performance_schema |\r\n| sys                |\r\n| wp                 |\r\n+--------------------+\r\n5 rows in set (0.00 sec)\r\n\r\nmysql> "
    ],
    [
      2.059919,
      "q"
    ],
    [
      0.06349,
      "u"
    ],
    [
      0.056389,
      "i"
    ],
    [
      0.09606,
      "t"
    ],
    [
      0.216198,
      "\r\n"
    ],
    [
      0.001235,
      "Bye\r\n"
    ],
    [
      0.002407,
      "root@2e2c569115b9:/# "
    ],
    [
      0.628343,
      "e"
    ],
    [
      0.199965,
      "x"
    ],
    [
      0.095667,
      "i"
    ],
    [
      0.119967,
      "t"
    ],
    [
      0.112672,
      "\r\nexit\r\n"
    ],
    [
      0.008225,
      "\u001b[1m\u001b[7m%\u001b[27m\u001b[1m\u001b[0m                                                                               \r \r"
    ],
    [
      0.00013,
      "\u001b]2;subicura@subicuraui-MacBook-Pro: ~\u0007"
    ],
    [
      1.4e-05,
      "\u001b]1;~\u0007"
    ],
    [
      0.013683,
      "\r\u001b[0m\u001b[27m\u001b[24m\u001b[J\u001b[01;32m➜  \u001b[36m~\u001b[00m \u001b[K"
    ],
    [
      1.9e-05,
      "\u001b[?1h\u001b="
    ],
    [
      1.8e-05,
      "\u001b[?2004h"
    ],
    [
      0.919932,
      "\u001b[?2004l\r\r\n"
    ]
  ]
}