{
  "version": 1,
  "width": 80,
  "height": 25,
  "duration": 19.554256,
  "command": null,
  "title": null,
  "env": {
    "TERM": "xterm-256color",
    "SHELL": "/bin/zsh"
  },
  "stdout": [
    [
      0.404514,
      "\u001b[1m\u001b[7m%\u001b[27m\u001b[1m\u001b[0m                                                                               \r \r\u001b]2;subicura@subicuraui-MacBook-Pro: ~\u0007"
    ],
    [
      9.3e-05,
      "\u001b]1;~\u0007"
    ],
    [
      0.014425,
      "\r\u001b[0m\u001b[27m\u001b[24m\u001b[J\u001b[01;32m➜  \u001b[36m~\u001b[00m \u001b[K"
    ],
    [
      2.5e-05,
      "\u001b[?1h\u001b="
    ],
    [
      8.1e-05,
      "\u001b[?2004h"
    ],
    [
      0.721731,
      "d"
    ],
    [
      0.094774,
      "\bdo"
    ],
    [
      0.111948,
      "c"
    ],
    [
      0.087883,
      "k"
    ],
    [
      0.08736,
      "e"
    ],
    [
      0.087478,
      "r"
    ],
    [
      0.072003,
      " "
    ],
    [
      0.15253,
      "r"
    ],
    [
      0.055987,
      "u"
    ],
    [
      0.208695,
      "n"
    ],
    [
      0.071796,
      " "
    ],
    [
      0.295304,
      "-"
    ],
    [
      0.153006,
      "-"
    ],
    [
      0.174948,
      "r"
    ],
    [
      0.072978,
      "m"
    ],
    [
      0.071748,
      " "
    ],
    [
      0.1442,
      "-"
    ],
    [
      0.166862,
      "i"
    ],
    [
      0.113131,
      "t"
    ],
    [
      0.103948,
      " "
    ],
    [
      0.15102,
      "u"
    ],
    [
      0.168988,
      "b"
    ],
    [
      0.064097,
      "u"
    ],
    [
      0.175572,
      "n"
    ],
    [
      0.11948,
      "t"
    ],
    [
      0.088787,
      "u"
    ],
    [
      0.280099,
      ":"
    ],
    [
      0.369385,
      "1"
    ],
    [
      0.230521,
      "6"
    ],
    [
      0.120059,
      "."
    ],
    [
      0.192017,
      "0"
    ],
    [
      0.112116,
      "4"
    ],
    [
      0.111175,
      " "
    ],
    [
      0.208562,
      "/"
    ],
    [
      0.222974,
      "b"
    ],
    [
      0.105183,
      "i"
    ],
    [
      0.103831,
      "n"
    ],
    [
      0.17604,
      "/"
    ],
    [
      0.096,
      "b"
    ],
    [
      0.127884,
      "a"
    ],
    [
      0.104183,
      "s"
    ],
    [
      0.09547,
      "h"
    ],
    [
      0.568549,
      "\u001b[?1l\u001b>"
    ],
    [
      3.3e-05,
      "\u001b[?2004l\r\r\n"
    ],
    [
      0.003048,
      "\u001b]2;docker run --rm -it ubuntu:16.04 /bin/bash\u0007\u001b]1;docker\u0007"
    ],
    [
      0.512057,
      "\u001b]0;root@2af4028fdae1: /\u0007root@2af4028fdae1:/# "
    ],
    [
      2.686594,
      "\r\u001b[K\u001b]0;root@2af4028fdae1: /\u0007root@2af4028fdae1:/# c"
    ],
    [
      0.15874,
      "a"
    ],
    [
      0.080508,
      "t"
    ],
    [
      0.096233,
      " "
    ],
    [
      0.182266,
      "/"
    ],
    [
      0.121294,
      "e"
    ],
    [
      0.072249,
      "t"
    ],
    [
      0.175996,
      "c"
    ],
    [
      0.054854,
      "/"
    ],
    [
      0.249099,
      "i"
    ],
    [
      0.135814,
      "s"
    ],
    [
      0.182766,
      "s"
    ],
    [
      0.145157,
      "u"
    ],
    [
      0.824178,
      "e"
    ],
    [
      0.367165,
      "\r\n"
    ],
    [
      0.000931,
      "Ubuntu 16.04.1 LTS \\n \\l\r\n\r\n"
    ],
    [
      0.000549,
      "\u001b]0;root@2af4028fdae1: /\u0007root@2af4028fdae1:/# "
    ],
    [
      2.135236,
      "l"
    ],
    [
      0.071704,
      "s"
    ],
    [
      0.354335,
      "\r\n\u001b[0m\u001b[01;34mbin\u001b[0m   \u001b[01;34mdev\u001b[0m  \u001b[01;34mhome\u001b[0m  \u001b[01;34mlib64\u001b[0m  \u001b[01;34mmnt\u001b[0m  \u001b[01;34mproc\u001b[0m  \u001b[01;34mrun\u001b[0m   \u001b[01;34msrv\u001b[0m  \u001b[30;42mtmp\u001b[0m  \u001b[01;34mvar\u001b[0m\r\n\u001b[01;34mboot\u001b[0m  \u001b[01;34metc\u001b[0m  \u001b[01;34mlib\u001b[0m   \u001b[01;34mmedia\u001b[0m  \u001b[01;34mopt\u001b[0m  \u001b[01;34mroot\u001b[0m  \u001b[01;34msbin\u001b[0m  \u001b[01;34msys\u001b[0m  \u001b[01;34musr\u001b[0m\r\n"
    ],
    [
      0.000337,
      "\u001b]0;root@2af4028fdae1: /\u0007root@2af4028fdae1:/# "
    ],
    [
      1.253332,
      "e"
    ],
    [
      0.216243,
      "x"
    ],
    [
      0.095818,
      "i"
    ],
    [
      0.104148,
      "t"
    ],
    [
      0.128449,
      "\r\nexit\r\n"
    ],
    [
      0.444423,
      "\u001b[1m\u001b[7m%\u001b[27m\u001b[1m\u001b[0m                                                                               \r \r"
    ],
    [
      6.4e-05,
      "\u001b]2;subicura@subicuraui-MacBook-Pro: ~\u0007\u001b]1;~\u0007"
    ],
    [
      0.012321,
      "\r\u001b[0m\u001b[27m\u001b[24m\u001b[J\u001b[01;32m➜  \u001b[36m~\u001b[00m \u001b[K"
    ],
    [
      8.6e-05,
      "\u001b[?1h\u001b="
    ],
    [
      1.5e-05,
      "\u001b[?2004h"
    ],
    [
      1.14923,
      "\u001b[?2004l\r\r\n"
    ]
  ]
}