{
  "version": 1,
  "width": 80,
  "height": 25,
  "duration": 27.449409,
  "command": null,
  "title": null,
  "env": {
    "TERM": "xterm-256color",
    "SHELL": "/bin/zsh"
  },
  "stdout": [
    [
      0.496815,
      "\u001b[1m\u001b[7m%\u001b[27m\u001b[1m\u001b[0m                                                                               \r \r"
    ],
    [
      9.1e-05,
      "\u001b]2;subicura@subicuraui-MacBook-Pro: ~\u0007\u001b]1;~\u0007"
    ],
    [
      0.014139,
      "\r\u001b[0m\u001b[27m\u001b[24m\u001b[J\u001b[01;32m➜  \u001b[36m~\u001b[00m \u001b[K"
    ],
    [
      0.000103,
      "\u001b[?1h\u001b="
    ],
    [
      2.5e-05,
      "\u001b[?2004h"
    ],
    [
      1.70133,
      "d"
    ],
    [
      0.094132,
      "\bdo"
    ],
    [
      0.095745,
      "c"
    ],
    [
      0.088042,
      "k"
    ],
    [
      0.09597,
      "e"
    ],
    [
      0.064128,
      "r"
    ],
    [
      0.104049,
      " "
    ],
    [
      0.343772,
      "l"
    ],
    [
      0.056073,
      "o"
    ],
    [
      0.040141,
      "g"
    ],
    [
      0.08789,
      "s"
    ],
    [
      0.11191,
      " "
    ],
    [
      0.120119,
      "-"
    ],
    [
      0.111791,
      "f"
    ],
    [
      0.112054,
      " "
    ],
    [
      0.463232,
      "\u001b[7m52a516f87ceb\u001b[27m"
    ],
    [
      1.176894,
      "\u001b[12D\u001b[27m5\u001b[27m2\u001b[27ma\u001b[27m5\u001b[27m1\u001b[27m6\u001b[27mf\u001b[27m8\u001b[27m7\u001b[27mc\u001b[27me\u001b[27mb"
    ],
    [
      3.6e-05,
      "\u001b[?1l\u001b>"
    ],
    [
      3e-05,
      "\u001b[?2004l\r\r\n"
    ],
    [
      0.003059,
      "\u001b]2;docker logs -f 52a516f87ceb\u0007\u001b]1;docker\u0007"
    ],
    [
      0.020321,
      "WordPress not found in /var/www/html - copying now...\r\nComplete! WordPress has been successfully copied to /var/www/html\r\nAH00558: apache2: Could not reliably determine the server's fully qualified domain name, using 172.17.0.4. Set the 'ServerName' directive globally to suppress this message\r\nAH00558: apache2: Could not reliably determine the server's fully qualified domain name, using 172.17.0.4. Set the 'ServerName' directive globally to suppress this message\r\n[Thu Jan 19 16:10:16.507735 2017] [mpm_prefork:notice] [pid 1] AH00163: Apache/2.4.10 (Debian) PHP/5.6.29 configured -- resuming normal operations\r\n[Thu Jan 19 16:10:16.507776 2017] [core:notice] [pid 1] AH00094: Command line: 'apache2 -D FOREGROUND'\r\n"
    ],
    [
      6.1e-05,
      "172.17.0.1 - - [19/Jan/2017:16:11:54 +0000] \"GET / HTTP/1.1\" 302 379 \"-\" \"Mozilla/5.0 (Macintosh; Intel Mac OS X 10_12_2) AppleWebKit/602.3.12 (KHTML, like Gecko) Version/10.0.2 Safari/602.3.12\"\r\n172.17.0.1 - - [19/Jan/2017:16:11:54 +0000] \"GET /wp-admin/install.php HTTP/1.1\" 200 2513 \"-\" \"Mozilla/5.0 (Macintosh; Intel Mac OS X 10_12_2) AppleWebKit/602.3.12 (KHTML, like Gecko) Version/10.0.2 Safari/602.3.12\"\r\n172.17.0.1 - - [19/Jan/2017:16:12:01 +0000] \"GET /wp-includes/css/buttons.min.css?ver=4.7.1 HTTP/1.1\" 200 1698 \"http://localhost:8080/wp-admin/install.php\" \"Mozilla/5.0 (Macintosh; Intel Mac OS X 10_12_2) AppleWebKit/602.3.12 (KHTML, like Gecko) Version/10.0.2 Safari/602.3.12\"\r\n172.17.0.1 - - [19/Jan/2017:16:12:01 +0000] \"GET /wp-includes/js/zxcvbn-async.min.js?ver=1.0 HTTP/1.1\" 200 582 \"http://localhost:8080/wp-admin/install.php\" \"Mozilla/5.0 (Macintosh; Intel Mac OS X 10_12_2) AppleWebKit/602.3.12 (KHTML, like Gecko) Version/10.0.2 Safari/602.3.12\"\r\n172.17.0.1 - - [19/Jan/2017:16:12:01 +0000] \"GET /wp-"
    ],
    [
      3.3e-05,
      "admin/css/install.min.css?ver=4.7.1 HTTP/1.1\" 200 2329 \"http://localhost:8080/wp-admin/install.php\" \"Mozilla/5.0 (Macintosh; Intel Mac OS X 10_12_2) AppleWebKit/602.3.12 (KHTML, like Gecko) Version/10.0.2 Safari/602.3.12\"\r\n172.17.0.1 - - [19/Jan/2017:16:12:01 +0000] \"GET /wp-includes/js/jquery/jquery-migrate.min.js?ver=1.4.1 HTTP/1.1\" 200 4366 \"http://localhost:8080/wp-admin/install.php\" \"Mozilla/5.0 (Macintosh; Intel Mac OS X 10_12_2) AppleWebKit/602.3.12 (KHTML, like Gecko) Version/10.0.2 Safari/602.3.12\"\r\n172.17.0.1 - - [19/Jan/2017:16:12:01 +0000] \"GET /wp-includes/js/jquery/jquery.js?ver=1.12.4 HTTP/1.1\" 200 34120 \"http://localhost:8080/wp-admin/install.php\" \"Mozilla/5.0 (Macintosh; Intel Mac OS X 10_12_2) AppleWebKit/602.3.12 (KHTML, like Gecko) Version/10.0.2 Safari/602.3.12\"\r\n172.17.0.1 - - [19/Jan/2017:16:12:01 +0000] \"GET /wp-admin/js/password-strength-meter.min.js?ver=4.7.1 HTTP/1.1\" 200 825 \"http://localhost:8080/wp-admin/install.php\" \"Mozilla/5.0 (Macintosh; Intel Mac OS X 10_12_2) AppleWebKit/60"
    ],
    [
      2.7e-05,
      "2.3.12 (KHTML, like Gecko) Version/10.0.2 Safari/602.3.12\"\r\n172.17.0.1 - - [19/Jan/2017:16:12:01 +0000] \"GET /wp-includes/js/wp-util.min.js?ver=4.7.1 HTTP/1.1\" 200 924 \"http://localhost:8080/wp-admin/install.php\" \"Mozilla/5.0 (Macintosh; Intel Mac OS X 10_12_2) AppleWebKit/602.3.12 (KHTML, like Gecko) Version/10.0.2 Safari/602.3.12\"\r\n172.17.0.1 - - [19/Jan/2017:16:12:01 +0000] \"GET /wp-admin/js/user-profile.min.js?ver=4.7.1 HTTP/1.1\" 200 2590 \"http://localhost:8080/wp-admin/install.php\" \"Mozilla/5.0 (Macintosh; Intel Mac OS X 10_12_2) AppleWebKit/602.3.12 (KHTML, like Gecko) Version/10.0.2 Safari/602.3.12\"\r\n172.17.0.1 - - [19/Jan/2017:16:12:01 +0000] \"GET /wp-includes/js/underscore.min.js?ver=1.8.3 HTTP/1.1\" 200 6173 \"http://localhost:8080/wp-admin/install.php\" \"Mozilla/5.0 (Macintosh; Intel Mac OS X 10_12_2) AppleWebKit/602.3.12 (KHTML, like Gecko) Version/10.0.2 Safari/602.3.12\"\r\n172.17.0.1 - - [19/Jan/2017:16:12:01 +0000] \"GET /wp-includes/css/dashicons.min.css?ver=4.7.1 HTTP/1.1\" 200 28951 \"http://localho"
    ],
    [
      2.9e-05,
      "st:8080/wp-admin/install.php\" \"Mozilla/5.0 (Macintosh; Intel Mac OS X 10_12_2) AppleWebKit/602.3.12 (KHTML, like Gecko) Version/10.0.2 Safari/602.3.12\"\r\n172.17.0.1 - - [19/Jan/2017:16:12:01 +0000] \"GET /wp-admin/images/wordpress-logo.svg?ver=20131107 HTTP/1.1\" 200 1810 \"http://localhost:8080/wp-admin/install.php\" \"Mozilla/5.0 (Macintosh; Intel Mac OS X 10_12_2) AppleWebKit/602.3.12 (KHTML, like Gecko) Version/10.0.2 Safari/602.3.12\"\r\n172.17.0.1 - - [19/Jan/2017:16:12:02 +0000] \"GET /wp-includes/js/zxcvbn.min.js HTTP/1.1\" 200 330747 \"http://localhost:8080/wp-admin/install.php\" \"Mozilla/5.0 (Macintosh; Intel Mac OS X 10_12_2) AppleWebKit/602.3.12 (KHTML, like Gecko) Version/10.0.2 Safari/602.3.12\"\r\n172.17.0.1 - - [19/Jan/2017:16:12:02 +0000] \"GET /favicon.ico HTTP/1.1\" 200 229 \"http://localhost:8080/wp-admin/install.php\" \"Mozilla/5.0 (Macintosh; Intel Mac OS X 10_12_2) AppleWebKit/602.3.12 (KHTML, like Gecko) Version/10.0.2 Safari/602.3.12\"\r\n::1 - - [19/Jan/2017:16:12:08 +0000] \"OPTIONS * HTTP/1.0\" 200 126 \"-\" "
    ],
    [
      2.1e-05,
      "\"Apache/2.4.10 (Debian) PHP/5.6.29 (internal dummy connection)\"\r\n::1 - - [19/Jan/2017:16:12:09 +0000] \"OPTIONS * HTTP/1.0\" 200 126 \"-\" \"Apache/2.4.10 (Debian) PHP/5.6.29 (internal dummy connection)\"\r\n::1 - - [19/Jan/2017:16:12:10 +0000] \"OPTIONS * HTTP/1.0\" 200 126 \"-\" \"Apache/2.4.10 (Debian) PHP/5.6.29 (internal dummy connection)\"\r\n"
    ],
    [
      9.537075,
      "172.17.0.1 - - [19/Jan/2017:16:33:01 +0000] \"GET /wp-admin/install.php HTTP/1.1\" 200 2516 \"-\" \"Mozilla/5.0 (Macintosh; Intel Mac OS X 10_12_2) AppleWebKit/602.3.12 (KHTML, like Gecko) Version/10.0.2 Safari/602.3.12\"\r\n"
    ],
    [
      0.011118,
      "172.17.0.1 - - [19/Jan/2017:16:33:08 +0000] \"GET /wp-includes/js/zxcvbn-async.min.js?ver=1.0 HTTP/1.1\" 200 582 \"http://localhost:8080/wp-admin/install.php\" \"Mozilla/5.0 (Macintosh; Intel Mac OS X 10_12_2) AppleWebKit/602.3.12 (KHTML, like Gecko) Version/10.0.2 Safari/602.3.12\"\r\n"
    ],
    [
      0.001601,
