{
  "version": 1,
  "width": 80,
  "height": 25,
  "duration": 46.340351,
  "command": null,
  "title": null,
  "env": {
    "TERM": "xterm-256color",
    "SHELL": "/bin/zsh"
  },
  "stdout": [
    [
      0.428589,
      "\u001b[1m\u001b[7m%\u001b[27m\u001b[1m\u001b[0m                                                                               \r \r\u001b]2;subicura@subicuraui-MacBook-Pro: ~\u0007"
    ],
    [
      9e-05,
      "\u001b]1;~\u0007"
    ],
    [
      0.015018,
      "\r\u001b[0m\u001b[27m\u001b[24m\u001b[J\u001b[01;32m➜  \u001b[36m~\u001b[00m \u001b[K"
    ],
    [
      2.6e-05,
      "\u001b[?1h\u001b=\u001b[?2004h"
    ],
    [
      0.594262,
      "m"
    ],
    [
      0.263004,
      "\bmy"
    ],
    [
      0.152523,
      "s"
    ],
    [
      0.168291,
      "q"
    ],
    [
      0.080233,
      "l"
    ],
    [
      0.079624,
      " "
    ],
    [
      0.184181,
      "-"
    ],
    [
      0.272421,
      "h"
    ],
    [
      0.767604,
      "1"
    ],
    [
      0.119207,
      "2"
    ],
    [
      0.087734,
      "7"
    ],
    [
      0.281102,
      "."
    ],
    [
      0.247698,
      "0"
    ],
    [
      0.232298,
      "."
    ],
    [
      0.224139,
      "0"
    ],
    [
      0.239738,
      "."
    ],
    [
      0.19217,
      "1"
    ],
    [
      0.159993,
      " "
    ],
    [
      0.144074,
      "-"
    ],
    [
      0.175884,
      "u"
    ],
    [
      0.176136,
      "r"
    ],
    [
      0.079844,
      "o"
    ],
    [
      0.144006,
      "o"
    ],
    [
      0.110969,
      "t"
    ],
    [
      0.10506,
      "\u001b[?1l\u001b>"
    ],
    [
      3.2e-05,
      "\u001b[?2004l\r\r\n"
    ],
    [
      0.002529,
      "\u001b]2;mysql -h127.0.0.1 -uroot\u0007\u001b]1;mysql\u0007"
    ],
    [
      0.028773,
      "Welcome to the MySQL monitor.  Commands end with ; or \\g.\r\n"
    ],
    [
      0.000526,
      "Your MySQL connection id is 3\r\nServer version: 5.7.17 MySQL Community Server (GPL)\r\n\r\nCopyright (c) 2000, 2016, Oracle and/or its affiliates. All rights reserved.\r\n\r\nOracle is a registered trademark of Oracle Corporation and/or its\r\naffiliates. Other names may be trademarks of their respective\r\nowners.\r\n\r\n"
    ],
    [
      0.001938,
      "Type 'help;' or '\\h' for help. Type '\\c' to clear the current input statement.\r\n\r\n"
    ],
    [
      0.000215,
      "mysql> "
    ],
    [
      1.437094,
      "c"
    ],
    [
      0.256679,
      "r"
    ],
    [
      0.087997,
      "e"
    ],
    [
      0.119243,
      "a"
    ],
    [
      0.112775,
      "t"
    ],
    [
      0.087983,
      "e"
    ],
    [
      0.160127,
      " "
    ],
    [
      0.143883,
      "d"
    ],
    [
      0.088064,
      "a"
    ],
    [
      0.15989,
      "t"
    ],
    [
      0.1601,
      "a"
    ],
    [
      0.183859,
      "b"
    ],
    [
      0.135864,
      "a"
    ],
    [
      0.144313,
      "s"
    ],
    [
      0.079824,
      "e"
    ],
    [
      0.52801,
      " "
    ],
    [
      0.360049,
      "w"
    ],
    [
      0.119426,
      "p"
    ],
    [
      0.080436,
      " "
    ],
    [
      0.824251,
      "C"
    ],
    [
      0.183882,
      "H"
    ],
    [
      0.824069,
      "A"
    ],
    [
      0.215954,
      "R"
    ],
    [
      0.151771,
      "A"
    ],
    [
      0.112164,
      "C"
    ],
    [
      0.255881,
      "T"
    ],
    [
      0.184114,
      "E"
    ],
    [
      0.064017,
      "R"
    ],
    [
      0.143909,
      " "
    ],
    [
      0.152058,
      "S"
    ],
    [
      0.047511,
      "E"
    ],
    [
      0.080396,
      "T"
    ],
    [
      0.200166,
      " "
    ],
    [
      0.679009,
      "u"
    ],
    [
      0.088877,
      "t"
    ],
    [
      0.208115,
      "f"
    ],
    [
      0.335878,
      "8"
    ],
    [
      0.264073,
      ";"
    ],
    [
      0.528069,
      "\r\n"
    ],
    [
      0.002905,
      "Query OK, 1 row affected (0.00 sec)\r\n\r\nmysql> "
    ],
    [
      0.268752,
      "g"
    ],
    [
      0.192222,
      "r"
    ],
    [
      0.079889,
      "a"
    ],
    [
      0.096121,
      "n"
    ],
    [
      0.103975,
      "t"
    ],
    [
      0.128193,
      " "
    ],
    [
      0.135795,
      "a"
    ],
    [
      0.103923,
      "l"
    ],
    [
      0.16017,
      "l"
    ],
    [
      0.064033,
      " "
    ],
    [
      0.223908,
      "p"
    ],
    [
      0.159172,
      "r"
    ],
    [
      0.09685,
      "i"
    ],
    [
      0.183888,
      "v"
    ],
    [
      0.104091,
      "i"
    ],
    [
      0.231807,
      "l"
    ],
    [
      0.136194,
      "e"
    ],
    [
      0.183118,
      "g"
    ],
    [
      0.088816,
      "e"
    ],
    [
      0.143969,
      "s"
    ],
    [
      0.24018,
      " "
    ],
    [
      0.351886,
      "o"
    ],
    [
      0.103297,
      "n"
    ],
    [
      0.096613,
      " "
    ],
    [
      0.192741,
      "w"
    ],
    [
      0.087397,
      "p"
    ],
    [
      0.207848,
      "."
    ],
    [
      0.255986,
      "*"
    ],
    [
      0.26396,
      " "
    ],
    [
      0.160113,
      "t"
    ],
    [
      0.094921,
      "o"
    ],
    [
      0.096991,
      " "
    ],
    [
      0.624062,
      "w"
    ],
    [
      0.103963,
      "p"
    ],
    [
      0.311937,
      "@"
    ],
    [
      0.159895,
      "'"
    ],
    [
      0.248232,
      "%"
    ],
    [
      0.295776,
      "'"
    ],
    [
      0.455779,
      " "
    ],
    [
      0.216253,
      "i"
    ],
    [
      0.239922,
      "d"
    ],
    [
      0.152155,
      "e"
    ],
    [
      0.111826,
      "n"
    ],
    [
      0.21614,
      "t"
    ],
    [
      0.087504,
      "i"
    ],
    [
      0.144357,
      "f"
    ],
    [
      0.072186,
      "i"
    ],
    [
      0.104038,
      "e"
    ],
    [
      0.199806,
      "d"
    ],
    [
      0.135985,
      " "
    ],
    [
      0.096274,
      "b"
    ],
    [
      0.119905,
      "y"
    ],
    [
      0.079965,
      " "
    ],
    [
      0.207843,
      "'"
    ],
    [
      0.16787,
      "w"
    ],
    [
      0.119561,
      "p"
    ],
    [
      0.57723,
      "'"
    ],
    [
      0.215435,
      ";"
    ],
    [
      0.192095,
      "\r\n"
    ],
    [
      0.002203,
      "Query OK, 0 rows affected, 1 warning (0.00 sec)\r\n\r\nmysql> "
    ],
    [
      1.260703,
      "f"
    ],
    [
      0.088917,
      "l"
    ],
    [
      0.087252,
      "u"
    ],
    [
      0.096744,
      "s"
    ],
    [
      0.120071,
      "h"
    ],
    [
      0.062879,
      " "
    ],
    [
      0.121041,
      "p"
    ],
    [
      0.128273,
      "r"
    ],
    [
      0.10372,
      "i"
    ],
    [
      0.175714,
      "v"
    ],
    [
      0.112272,
      "i"
    ],
    [
      0.26327,
      "l"
    ],
    [
      0.112748,
      "e"
    ],
    [
      0.176094,
      "g"
    ],
    [
      0.095274,
      "e"
    ],
    [
      0.120754,
      "s"
    ],
    [
      0.11991,
      ";"
    ],
    [
      0.54415,
      "\r\n"
    ],
    [
      0.003176,
      "Query OK, 0 rows affected (0.00 sec)\r\n\r\nmysql> "
    ],
    [
      0.532563,
      "q"
    ],
    [
      0.048218,
      "u"
    ],
    [
      0.064038,
      "i"
    ],
    [
      0.110911,
      "t"
    ],
    [
      0.472922,
      "\r\n"
    ],
    [
      0.001022,
      "Bye\r\n"
    ],
    [
      0.002647,
      "\u001b[1m\u001b[7m%\u001b[27m\u001b[1m\u001b[0m                                                                               \r \r"
    ],
    [
      0.000144,
      "\u001b]2;subicura@subicuraui-MacBook-Pro: ~\u0007"
    ],
    [
      3.6e-05,
      "\u001b]1;~\u0007"
    ],
    [
      0.013296,
      "\r\u001b[0m\u001b[27m\u001b[24m\u001b[J\u001b[01;32m➜  \u001b[36m~\u001b[00m \u001b[K"
    ],
    [
      4.2e-05,
      "\u001b[?1h\u001b="
    ],
    [
      2.3e-05,
      "\u001b[?2004h"
