{
  "version": 1,
  "width": 80,
  "height": 25,
  "duration": 11.832411,
  "command": null,
  "title": null,
  "env": {
    "TERM": "xterm-256color",
    "SHELL": "/bin/zsh"
  },
  "stdout": [
    [
      0.427544,
      "\u001b[1m\u001b[7m%\u001b[27m\u001b[1m\u001b[0m                                                                               \r \r\u001b]2;subicura@subicuraui-MacBook-Pro: ~\u0007"
    ],
    [
      7.4e-05,
      "\u001b]1;~\u0007"
    ],
    [
      0.014223,
      "\r\u001b[0m\u001b[27m\u001b[24m\u001b[J\u001b[01;32m➜  \u001b[36m~\u001b[00m \u001b[K"
    ],
    [
      0.000195,
      "\u001b[?1h\u001b=\u001b[?2004h"
    ],
    [
      0.737066,
      "d"
    ],
    [
      0.119364,
      "\bdo"
    ],
    [
      0.055716,
      "c"
    ],
    [
      0.112105,
      "k"
    ],
    [
      0.07993,
      "e"
    ],
    [
      0.102911,
      "r"
    ],
    [
      0.104429,
      " "
    ],
    [
      0.192367,
      "e"
    ],
    [
      0.215307,
      "x"
    ],
    [
      0.231991,
      "e"
    ],
    [
      0.082458,
      "c"
    ],
    [
      0.133565,
      " "
    ],
    [
      0.08816,
      "-"
    ],
    [
      0.191737,
      "i"
    ],
    [
      0.095941,
      "t"
    ],
    [
      0.079943,
      " "
    ],
    [
      0.129228,
      "m"
    ],
    [
      0.199862,
      "y"
    ],
    [
      0.087808,
      "s"
    ],
    [
      0.17626,
      "q"
    ],
    [
      0.071702,
      "l"
    ],
    [
      0.103625,
      " "
    ],
    [
      0.168389,
      "m"
    ],
    [
      0.207875,
      "y"
    ],
    [
      0.079836,
      "s"
    ],
    [
      0.152561,
      "q"
    ],
    [
      0.047144,
      "l"
    ],
    [
      0.032723,
      " "
    ],
    [
      0.144201,
      "-"
    ],
    [
      0.166873,
      "u"
    ],
    [
      0.151721,
      "r"
    ],
    [
      0.088287,
      "o"
    ],
    [
      0.137112,
      "o"
    ],
    [
      0.11983,
      "t"
    ],
    [
      0.103057,
      "\u001b[?1l\u001b>"
    ],
    [
      2.5e-05,
      "\u001b[?2004l\r\r\n"
    ],
    [
      0.002655,
      "\u001b]2;docker exec -it mysql mysql -uroot\u0007\u001b]1;docker\u0007"
    ],
    [
      0.226649,
      "Welcome to the MySQL monitor.  Commands end with ; or \\g.\r\nYour MySQL connection id is 10\r\nServer version: 5.7.17 MySQL Community Server (GPL)\r\n\r\nCopyright (c) 2000, 2016, Oracle and/or its affiliates. All rights reserved.\r\n\r\nOracle is a registered trademark of Oracle Corporation and/or its\r\naffiliates. Other names may be trademarks of their respective\r\nowners.\r\n\r\nType 'help;' or '\\h' for help. Type '\\c' to clear the current input statement.\r\n\r\nmysql> "
    ],
    [
      0.901062,
      "s"
    ],
    [
      0.087684,
      "h"
    ],
    [
      0.063681,
      "o"
    ],
    [
      0.0962,
      "w"
    ],
    [
      0.118701,
      " "
    ],
    [
      0.241537,
      "d"
    ],
    [
      0.152036,
      "a"
    ],
    [
      0.175611,
      "t"
    ],
    [
      0.120014,
      "a"
    ],
    [
      0.27971,
      "b"
    ],
    [
      0.120078,
      "a"
    ],
    [
      0.20317,
      "s"
    ],
    [
      0.093141,
      "e"
    ],
    [
      0.103874,
      "s"
    ],
    [
      0.159875,
      ";"
    ],
    [
      0.343169,
      "\r\n"
    ],
    [
      0.000285,
      "+--------------------+\r\n| Database           |\r\n+--------------------+\r\n| information_schema |\r\n| mysql              |\r\n| performance_schema |\r\n| sys                |\r\n| wp                 |\r\n+--------------------+\r\n5 rows in set (0.00 sec)\r\n\r\nmysql> "
    ],
    [
      1.304922,
      "q"
    ],
    [
      0.087668,
      "u"
    ],
    [
      0.064065,
      "i"
    ],
    [
      0.128092,
      "t"
    ],
    [
      0.192866,
      "\r\nBye\r\n"
    ],
    [
      0.008806,
      "\u001b[1m\u001b[7m%\u001b[27m\u001b[1m\u001b[0m                                                                               \r \r"
    ],
    [
      0.000111,
      "\u001b]2;subicura@subicuraui-MacBook-Pro: ~\u0007\u001b]1;~\u0007"
    ],
    [
      0.013617,
      "\r\u001b[0m\u001b[27m\u001b[24m\u001b[J\u001b[01;32m➜  \u001b[36m~\u001b[00m \u001b[K"
    ],
    [
      2.2e-05,
      "\u001b[?1h\u001b=\u001b[?2004h"
    ],
    [
      1.023142,
      "\u001b[?2004l\r\r\n"
    ]
  ]
}