{
  "version": 1,
  "width": 80,
  "height": 25,
  "duration": 39.718587,
  "command": null,
  "title": null,
  "env": {
    "TERM": "xterm-256color",
    "SHELL": "/bin/zsh"
  },
  "stdout": [
    [
      0.349036,
      "\u001b[1m\u001b[7m%\u001b[27m\u001b[1m\u001b[0m                                                                               \r \r"
    ],
    [
      0.000284,
      "\u001b]2;subicura@subicuraui-MacBook-Pro: ~\u0007\u001b]1;~\u0007"
    ],
    [
      0.016678,
      "\r\u001b[0m\u001b[27m\u001b[24m\u001b[J\u001b[01;32m➜  \u001b[36m~\u001b[00m \u001b[K"
    ],
    [
      0.000123,
      "\u001b[?1h\u001b="
    ],
    [
      6.4e-05,
      "\u001b[?2004h"
    ],
    [
      1.169862,
      "d"
    ],
    [
      0.078318,
      "\bdo"
    ],
    [
      0.120756,
      "c"
    ],
    [
      0.08013,
      "k"
    ],
    [
      0.095844,
      "e"
    ],
    [
      0.072123,
      "r"
    ],
    [
      0.095234,
      " "
    ],
    [
      0.112686,
      "r"
    ],
    [
      0.096101,
      "u"
    ],
    [
      0.223294,
      "n"
    ],
    [
      0.096537,
      " "
    ],
    [
      0.384173,
      "-"
    ],
    [
      0.26393,
      "d"
    ],
    [
      0.095886,
      " "
    ],
    [
      0.104134,
      "-"
    ],
    [
      0.192063,
      "p"
    ],
    [
      0.111682,
      " "
    ],
    [
      0.21637,
      "3"
    ],
    [
      0.15982,
      "3"
    ],
    [
      0.096054,
      "0"
    ],
    [
      0.143981,
      "6"
    ],
    [
      0.14403,
      ":"
    ],
    [
      0.25596,
      "3"
    ],
    [
      0.167816,
      "3"
    ],
    [
      0.088056,
      "0"
    ],
    [
      0.120155,
      "6"
    ],
    [
      0.119709,
      " "
    ],
    [
      0.24008,
      "-"
    ],
    [
      0.160133,
      "e"
    ],
    [
      0.15106,
      " "
    ],
    [
      0.424956,
      "M"
    ],
    [
      0.240142,
      "Y"
    ],
    [
      0.103797,
      "S"
    ],
    [
      0.167976,
      "Q"
    ],
    [
      0.088086,
      "L"
    ],
    [
      0.271829,
      "_"
    ],
    [
      0.286863,
      "A"
    ],
    [
      0.129299,
      "L"
    ],
    [
      0.159797,
      "L"
    ],
    [
      0.072212,
      "O"
    ],
    [
      0.119968,
      "W"
    ],
    [
      0.247978,
      "_"
    ],
    [
      0.215442,
      "E"
    ],
    [
      0.112576,
      "M"
    ],
    [
      0.168039,
      "P"
    ],
    [
      0.247924,
      "T"
    ],
    [
      0.087949,
      "Y"
    ],
    [
      0.439209,
      "_"
    ],
    [
      0.328732,
      "P"
    ],
    [
      0.11222,
      "A"
    ],
    [
      0.135907,
      "S"
    ],
    [
      0.159867,
      "S"
    ],
    [
      0.167847,
      "W"
    ],
    [
      0.080172,
      "O"
    ],
    [
      0.104016,
      "R"
    ],
    [
      0.080106,
      "D"
    ],
    [
      0.176566,
      "="
    ],
    [
      0.479256,
      "t"
    ],
    [
      0.200023,
      "r"
    ],
    [
      0.071269,
      "u"
    ],
    [
      0.112867,
      "e"
    ],
    [
      0.471656,
      " "
    ],
    [
      0.688341,
      "-"
    ],
    [
      0.143859,
      "-"
    ],
    [
      0.215971,
      "n"
    ],
    [
      0.087915,
      "a"
    ],
    [
      0.071123,
      "m"
    ],
    [
      0.096905,
      "e"
    ],
    [
      0.103974,
      " "
    ],
    [
      0.135931,
      "m"
    ],
    [
      0.200185,
      "y"
    ],
    [
      0.095431,
      "s"
    ],
    [
      0.160676,
      "q"
    ],
    [
      0.055754,
      "l"
    ],
    [
      0.104187,
      "  \r\u001b[K"
    ],
    [
      0.183056,
      "m"
    ],
    [
      0.200803,
      "\rmy"
    ],
    [
      0.096173,
      "s"
    ],
    [
      0.159851,
      "q"
    ],
    [
      0.056037,
      "l"
    ],
    [
      0.232059,
      ":"
    ],
    [
      0.319198,
      "5"
    ],
    [
      0.144656,
      "."
    ],
    [
      0.151132,
      "7"
    ],
    [
      0.192889,
      "\u001b[?1l\u001b>"
    ],
    [
      3.3e-05,
      "\u001b[?2004l\r\r\n"
    ],
    [
      0.002671,
      "\u001b]2;docker run -d -p 3306:3306 -e MYSQL_ALLOW_EMPTY_PASSWORD=true --name mysql \u0007\u001b]1;docker\u0007"
    ],
    [
      0.20418,
      "26bb5f1eb1f946196ec0df865f196b77893e216c2e67e80bbc655d80380b4328\r\n"
    ],
    [
      0.397892,
      "\u001b[1m\u001b[7m%\u001b[27m\u001b[1m\u001b[0m                                                                               \r \r"
    ],
    [
      0.000146,
      "\u001b]2;subicura@subicuraui-MacBook-Pro: ~\u0007\u001b]1;~\u0007"
    ],
    [
      0.011626,
      "\r\u001b[0m\u001b[27m\u001b[24m\u001b[J\u001b[01;32m➜  \u001b[36m~\u001b[00m \u001b[K"
    ],
    [
      8.4e-05,
      "\u001b[?1h\u001b=\u001b[?2004h"
    ],
    [
      2.006532,
      "m"
    ],
    [
      0.272139,
      "\bmy"
    ],
    [
      0.184447,
      "s"
    ],
    [
      0.159518,
      "q"
    ],
    [
      0.072111,
      "l"
    ],
    [
      0.384362,
      " "
    ],
    [
      0.231596,
      "-"
    ],
    [
      0.303762,
      "h"
    ],
    [
      0.551987,
      "1"
    ],
    [
      0.080086,
      "2"
    ],
    [
      0.111651,
      "7"
    ],
    [
      0.272445,
      "."
    ],
    [
      0.287862,
      "0"
    ],
    [
      0.24841,
      "."
    ],
    [
      0.247829,
      "0"
    ],
    [
      0.232177,
      "."
    ],
    [
      0.13522,
      "1"
    ],
    [
      0.456281,
      " "
    ],
    [
      0.152023,
      "-"
    ],
    [
      0.455805,
      "u"
    ],
    [
      0.361028,
      "r"
    ],
    [
      0.087848,
      "o"
    ],
    [
      0.152161,
      "o"
    ],
    [
      0.095899,
      "t"
    ],
    [
      2.406829,
      "\u001b[?1l\u001b>"
    ],
    [
      2.1e-05,
      "\u001b[?2004l\r\r\n"
    ],
    [
      0.003476,
      "\u001b]2;mysql -h127.0.0.1 -uroot\u0007\u001b]1;mysql\u0007"
    ],
    [
      0.014347,
      "ERROR 2013 (HY000): Lost connection to MySQL server at 'reading initial communication packet', system error: 0\r\n\u0007"
    ],
    [
      0.000896,
      "\u001b[1m\u001b[7m%\u001b[27m\u001b[1m\u001b[0m                                                                               \r \r"
    ],
    [
      0.000128,
      "\u001b]2;subicura@subicuraui-MacBook-Pro: ~\u0007\u001b]1;~\u0007"
    ],
    [
      0.013482,
      "\r\u001b[0m\u001b[27m\u001b[24m\u001b[J\u001b[01;31m➜  \u001b[36m~\u001b[00m \u001b[K"
    ],
    [
      3.2e-05,
      "\u001b[?1h\u001b="
    ],
    [
      1.7e-05,
      "\u001b[?2004h"
    ],
    [
      3.376931,
      "mysql -h127.0.0.1 -uroot"
    ],
    [
      1.928311,
      "\u001b[?1l\u001b>"
    ],
    [
      3.4e-05,
      "\u001b[?2004l\r\r\n"
    ],
    [
      0.00288,
      "\u001b]2;mysql -h127.0.0.1 -uroot\u0007\u001b]1;mysql\u0007"
    ],
    [
      0.019769,
      "Welcome to the MySQL monitor.  Commands end with ; or \\g.\r\n"
    ],
    [
      0.000557,
      "Your MySQL connection id is 3\r\nServer version: 5.7.17 MySQL Community Server (GPL)\r\n\r\nCopyright (c) 2000, 2016, Oracle and/or its affiliates. All rights reserved.\r\n\r\nOracle is a registered trademark of Oracle Corporation and/or its\r\naffiliates. Other names may be trademarks of their respective\r\nowners.\r\n\r\n"
    ],
    [
      0.000505,
      "Type 'help;' or '\\h' for help. Type '\\c' to clear the current input statement.\r\n\r\n"
    ],
    [
      0.000215,
      "mysql> "
    ],
    [
      1.423422,
      "s"
    ],
    [
      0.087834,
      "h"
    ],
    [
      0.071964,
      "o"
    ],
    [
      0.056066,
      "w"
    ],
    [
      0.128072,
      " "
    ],
    [
      0.151891,
      "d"
    ],
    [
      0.17678,
      "a"
    ],
    [
      0.191297,
      "t"
    ],
    [
      0.136,
      "a"
    ],
    [
      0.46402,
      "b"
    ],
    [
      0.087766,
      "a"
    ],
    [
      0.296182,
      "s"
    ],
    [
      0.111926,
