{
  "version": 1,
  "width": 80,
  "height": 25,
  "duration": 17.699625,
  "command": null,
  "title": null,
  "env": {
    "TERM": "xterm-256color",
    "SHELL": "/bin/zsh"
  },
  "stdout": [
    [
      0.346652,
      "\u001b[1m\u001b[7m%\u001b[27m\u001b[1m\u001b[0m                                                                               \r \r\u001b]2;subicura@subicuraui-MacBook-Pro: ~\u0007\u001b]1;~\u0007"
    ],
    [
      0.014202,
      "\r\u001b[0m\u001b[27m\u001b[24m\u001b[J\u001b[01;32m➜  \u001b[36m~\u001b[00m \u001b[K"
    ],
    [
      4.2e-05,
      "\u001b[?1h\u001b="
    ],
    [
      8.9e-05,
      "\u001b[?2004h"
    ],
    [
      0.579609,
      "d"
    ],
    [
      0.118954,
      "\bdo"
    ],
    [
      0.080204,
      "c"
    ],
    [
      0.087913,
      "k"
    ],
    [
      0.104014,
      "e"
    ],
    [
      0.070821,
      "r"
    ],
    [
      0.089046,
      " "
    ],
    [
      0.112214,
      "r"
    ],
    [
      0.070774,
      "u"
    ],
    [
      0.185021,
      "n"
    ],
    [
      0.055957,
      " "
    ],
    [
      0.192258,
      "-"
    ],
    [
      0.143749,
      "d"
    ],
    [
      0.088009,
      " "
    ],
    [
      0.144213,
      "-"
    ],
    [
      0.215798,
      "p"
    ],
    [
      0.167682,
      " "
    ],
    [
      0.184343,
      "1"
    ],
    [
      0.080089,
      "2"
    ],
    [
      0.088121,
      "3"
    ],
    [
      0.191725,
      "4"
    ],
    [
      0.15927,
      ":"
    ],
    [
      0.600702,
      "6"
    ],
    [
      0.103946,
      "3"
    ],
    [
      0.176069,
      "7"
    ],
    [
      0.080103,
      "9"
    ],
    [
      0.231892,
      " "
    ],
    [
      0.183902,
      "r"
    ],
    [
      0.072081,
      "e"
    ],
    [
      0.208126,
      "d"
    ],
    [
      0.07986,
      "i"
    ],
    [
      0.102995,
      "s"
    ],
    [
      0.105086,
      "\u001b[?1l\u001b>"
    ],
    [
      3.9e-05,
      "\u001b[?2004l\r\r\n"
    ],
    [
      0.002301,
      "\u001b]2;docker run -d -p 1234:6379 redis\u0007\u001b]1;docker\u0007"
    ],
    [
      0.226232,
      "5dff91d2cd859b48806231627aadf2066b9b10a8687c765b71ae6cae834ed751\r\n"
    ],
    [
      0.371759,
      "\u001b[1m\u001b[7m%\u001b[27m\u001b[1m\u001b[0m                                                                               \r \r"
    ],
    [
      2.4e-05,
      "\u001b]2;subicura@subicuraui-MacBook-Pro: ~\u0007"
    ],
    [
      1e-05,
      "\u001b]1;~\u0007"
    ],
    [
      0.011402,
      "\r\u001b[0m\u001b[27m\u001b[24m\u001b[J\u001b[01;32m➜  \u001b[36m~\u001b[00m \u001b[K"
    ],
    [
      2.2e-05,
      "\u001b[?1h\u001b="
    ],
    [
      8e-05,
      "\u001b[?2004h"
    ],
    [
      0.660222,
      "t"
    ],
    [
      0.095873,
      "\bte"
    ],
    [
      0.063751,
      "l"
    ],
    [
      0.184311,
      "n"
    ],
    [
      0.079899,
      "e"
    ],
    [
      0.071962,
      "t"
    ],
    [
      0.071988,
      " "
    ],
    [
      0.223923,
      "l"
    ],
    [
      0.07124,
      "o"
    ],
    [
      0.072776,
      "c"
    ],
    [
      0.096,
      "a"
    ],
    [
      0.06422,
      "l"
    ],
    [
      0.719938,
      "h"
    ],
    [
      0.071794,
      "o"
    ],
    [
      0.072141,
      "s"
    ],
    [
      0.071797,
      "t"
    ],
    [
      0.144149,
      " "
    ],
    [
      0.399055,
      "1"
    ],
    [
      0.073013,
      "2"
    ],
    [
      0.079892,
      "3"
    ],
    [
      0.183426,
      "4"
    ],
    [
      0.440563,
      "\u001b[?1l\u001b>"
    ],
    [
      0.000123,
      "\u001b[?2004l\r\r\n"
    ],
    [
      0.001789,
      "\u001b]2;telnet localhost 1234\u0007\u001b]1;telnet\u0007"
    ],
    [
      0.017749,
      "Trying ::1...\r\n"
    ],
    [
      0.000432,
      "Connected to localhost.\r\nEscape character is '^]'.\r\n"
    ],
    [
      0.819689,
      "s"
    ],
    [
      0.063755,
      "e"
    ],
    [
      0.080341,
      "t"
    ],
    [
      0.143709,
      " "
    ],
    [
      0.232195,
      "m"
    ],
    [
      0.232035,
      "y"
    ],
    [
      0.224043,
      "k"
    ],
    [
      0.120043,
      "e"
    ],
    [
      0.119809,
      "y"
    ],
    [
      0.11206,
      " "
    ],
    [
      0.296,
      "h"
    ],
    [
      0.104385,
      "e"
    ],
    [
      0.095665,
      "l"
    ],
    [
      0.159949,
      "l"
    ],
    [
      0.079885,
      "o"
    ],
    [
      0.159487,
      "\r\n"
    ],
    [
      0.00081,
      "+OK\r\n"
    ],
    [
      0.48777,
      "g"
    ],
    [
      0.09606,
      "e"
    ],
    [
      0.087993,
      "t"
    ],
    [
      0.072051,
      " "
    ],
    [
      0.167976,
      "m"
    ],
    [
      0.21592,
      "y"
    ],
    [
      0.231124,
      "k"
    ],
    [
      0.128765,
      "e"
    ],
    [
      0.128155,
      "y"
    ],
    [
      0.344011,
      "\r\n"
    ],
    [
      0.000942,
      "$5\r\nhello\r\n"
    ],
    [
      0.646262,
      "q"
    ],
    [
      0.056551,
      "u"
    ],
    [
      0.056334,
      "i"
    ],
    [
      0.08773,
      "t"
    ],
    [
      0.176136,
      "\r\n"
    ],
    [
      0.000997,
      "+OK\r\n"
    ],
    [
      0.000452,
      "Connection closed by foreign host.\r\n"
    ],
    [
      0.001778,
      "\u001b[1m\u001b[7m%\u001b[27m\u001b[1m\u001b[0m                                                                               \r \r"
    ],
    [
      6.3e-05,
      "\u001b]2;subicura@subicuraui-MacBook-Pro: ~\u0007"
    ],
    [
      2.1e-05,
      "\u001b]1;~\u0007"
    ],
    [
      0.013591,
      "\r\u001b[0m\u001b[27m\u001b[24m\u001b[J\u001b[01;31m➜  \u001b[36m~\u001b[00m \u001b[K"
    ],
    [
      8.6e-05,
      "\u001b[?1h\u001b=\u001b[?2004h"
    ],
    [
      1.413919,
      "\u001b[?2004l\r\r\n"
    ]
  ]
}