{
  "version": 1,
  "width": 80,
  "height": 25,
  "duration": 23.80564,
  "command": null,
  "title": null,
  "env": {
    "TERM": "xterm-256color",
    "SHELL": "/bin/zsh"
  },
  "stdout": [
    [
      0.245634,
      "\u001b]2;subicura@subicuras-Mac: ~\u0007\u001b]1;~\u0007"
    ],
    [
      0.031993,
      "\u001b]0;~\u0007"
    ],
    [
      0.004366,
      "\u001b[0m\u001b[27m\u001b[24m\u001b[J\r\n\r\u001b[34m~\u001b[39m\r\n\r\u001b[35m❯\u001b[39m \u001b[K\u001b[?1h\u001b="
    ],
    [
      3.8e-05,
      "\u001b[?2004h"
    ],
    [
      1.221363,
      "\u001b[32mz\u001b[39m\u001b[90m /Users/subicura/Workspace/github.com/subicura/subicura.github.io\u001b[39m\u001b[65D"
    ],
    [
      1.760399,
      "\b\u001b[32mz\u001b[39m\u001b[39m "
    ],
    [
      0.352513,
      "\u001b[39ms\u001b[39m \u001b[39m \u001b[39m \u001b[39m \u001b[39m \u001b[39m \u001b[39m \u001b[39m \u001b[39m \u001b[39m \u001b[39m \u001b[39m \u001b[39m \u001b[39m \u001b[39m \u001b[39m \u001b[39m \u001b[39m \u001b[39m \u001b[39m \u001b[39m \u001b[39m \u001b[39m \u001b[39m \u001b[39m \u001b[39m \u001b[39m \u001b[39m \u001b[39m \u001b[39m \u001b[39m \u001b[39m \u001b[39m \u001b[39m \u001b[39m \u001b[39m \u001b[39m \u001b[39m \u001b[39m \u001b[39m \u001b[39m \u001b[39m \u001b[39m \u001b[39m \u001b[39m \u001b[39m \u001b[39m \u001b[39m \u001b[39m \u001b[39m \u001b[39m \u001b[39m \u001b[39m \u001b[39m \u001b[39m \u001b[39m \u001b[39m \u001b[39m \u001b[39m \u001b[39m \u001b[39m \u001b[39m \u001b[39m \u001b[63D"
    ],
    [
      0.111675,
      "u"
    ],
    [
      1.630879,
      "b"
    ],
    [
      0.112699,
      "i"
    ],
    [
      0.361933,
      "\u0007\b\b\b\b/Users/subicura/Workspace/github.com/subicura/subicura.github.io\r\r\n"
    ],
    [
      0.00017,
      "\u001b[7m/Users/subicura/Workspace/github.com/subicura/subicura.github.io\u001b[0m\u001b[K\r\n\u001b[J/Users/subicura                                                 \u001b[J\u001b[A\u001b[A\u001b[0m\u001b[27m\u001b[24m\u001b[39m\r\u001b[2C\u001b[32mz\u001b[39m /Users/subicura/Workspace/github.com/subicura/subicura.github.io\u001b[K\u001b[39m"
    ],
    [
      1.988936,
      "\r\r\n"
    ],
    [
      0.001932,
      "\u001b[7m/Users/subicura/Workspace/github.com/subicura/subicura.github.io\u001b[0m\r\u001b[7m/Users/subicura/Workspace/github.com/subicura/subicura.github.io\u001b[0m\r\u001b[A\u001b[0m\u001b[27m\u001b[24m\u001b[39m\r\u001b[2C\u001b[32mz\u001b[39m /Users/subicura/Workspace/github.com/subicura/subicura.github.io\u001b[K\u001b[39m\r\r\n\u001b[J\u001b[A\u001b[68C\u001b[1m \u001b[0m"
    ],
    [
      0.001463,
      "\u001b[65D\u001b[4m/\u001b[4mU\u001b[4ms\u001b[4me\u001b[4mr\u001b[4ms\u001b[4m/\u001b[4ms\u001b[4mu\u001b[4mb\u001b[4mi\u001b[4mc\u001b[4mu\u001b[4mr\u001b[4ma\u001b[4m/\u001b[4mW\u001b[4mo\u001b[4mr\u001b[4mk\u001b[4ms\u001b[4mp\u001b[4ma\u001b[4mc\u001b[4me\u001b[4m/\u001b[4mg\u001b[4mi\u001b[4mt\u001b[4mh\u001b[4mu\u001b[4mb\u001b[4m.\u001b[4mc\u001b[4mo\u001b[4mm\u001b[4m/\u001b[4ms\u001b[4mu\u001b[4mb\u001b[4mi\u001b[4mc\u001b[4mu\u001b[4mr\u001b[4ma\u001b[4m/\u001b[4ms\u001b[4mu\u001b[4mb\u001b[4mi\u001b[4mc\u001b[4mu\u001b[4mr\u001b[4ma\u001b[4m.\u001b[4mg\u001b[4mi\u001b[4mt\u001b[4mh\u001b[4mu\u001b[4mb\u001b[4m.\u001b[4mi\u001b[4mo\u001b[24m\u001b[1C"
    ],
    [
      1.485657,
      "\b\u001b[0m \b"
    ],
    [
      0.000282,
      "\u001b[?1l\u001b>"
    ],
    [
      0.001723,
      "\u001b[?2004l\r\r\n\u001b[J"
    ],
    [
      0.000627,
      "\u001b]2;fasd_cd -d /Users/subicura/Workspace/github.com/subicura/subicura.github.io\u0007\u001b]1;z\u0007"
    ],
    [
      0.046093,
      "\u001b]0;subicura: fasd_cd -d /Users/subicura/Workspace/github.com/subicura/subicura.github.io\u0007"
    ],
    [
      0.014352,
      "\u001b]2;subicura@subicuras-Mac: ~/Workspace/github.com/subicura/subicura.github.io\u0007\u001b]1;..ura.github.io\u0007"
    ],
    [
      2.9e-05,
      "\u001b]0;"
    ],
    [
      3.5e-05,
      "~/Workspace/github.com/subicura/subicura.github.io\u0007"
    ],
    [
      0.023537,
      "\u001b[0m\u001b[27m\u001b[24m\u001b[J\r\n\r\u001b[34m~/Workspace/github.com/subicura/subicura.github.io\u001b[39m\r\n\r\u001b[35m❯\u001b[39m \u001b[K"
    ],
    [
      0.000372,
      "\u001b[?1h\u001b="
    ],
    [
      9e-05,
      "\u001b[?2004h"
    ],
    [
      0.016612,
      "\r\r\u001b[A\u001b[A\u001b[0m\u001b[27m\u001b[24m\u001b[J\r\n\r\u001b[34m~/Workspace/github.com/subicura/subicura.github.io\u001b[39m \u001b[38;5;242msource\u001b[39m\r\n\r\u001b[35m❯\u001b[39m \u001b[K"
    ],
    [
      1.608217,
      "\u001b[4mc\u001b[24m\u001b[90mlear\u001b[39m\b\b\b\b"
    ],
    [
      0.144398,
      "\b\u001b[24m\u001b[1m\u001b[31mc\u001b[1m\u001b[31ma\u001b[0m\u001b[39m\u001b[90mt\u001b[90m \u001b[90m.\u001b[90mzshrc\u001b[39m\u001b[8D"
    ],
    [
      0.095188,
      "\b\b\u001b[0m\u001b[32mc\u001b[0m\u001b[32ma\u001b[32mt\u001b[39m"
    ],
    [
      0.414699,
      "\u001b[39m "
    ],
    [
      0.529279,
      "\u001b[39m`\u001b[39m \u001b[39m \u001b[39m \u001b[39m \u001b[39m \b\b\b\b\b"
    ],
    [
      1.710968,
      "s"
    ],
    [
      0.641426,
      " "
    ],
    [
      1.489138,
      "\u0007/Users/subicura/Workspace/github.com/subicura/subicura.github.io\r\r\n"
    ],
    [
      3.3e-05,
      "\u001b[7m/Users/subicura/Workspace/github.com/subicura/subicura.github.io\u001b[0m\u001b[K\r\n/Users/subicura/.zshrc                                          \u001b[K\r\n/Users/subicura/Workspace/github.com                            \u001b[K\r\n/Users/subicura/Downloads                                       \u001b[K\r\n/Users/subicura/Documents                                       \u001b[K\r\n/Users/subicura/.bash_history                                   \u001b[K\r\n/Users/subicura/fasd-demo.json                                  \u001b[K\r\n\u001b[J/Users/subicura                                                 \u001b[J\u001b[8A\u001b[0m\u001b[27m\u001b[24m\u001b[39m\r\u001b[2C\u001b[32mcat\u001b[39m `s /Users/subicura/Workspace/github.com/subicura/subicura.github.io\u001b[K\u001b[39m"
    ],
    [
      1.165659,
      "\r\r\n"
    ],
    [
      0.00027,
      "\u001b[7m/Users/subicura/Workspace/github.com/subicura/subicura.github.io\u001b[0m\r\u001b[7m/Users/subicura/Workspace/github.com/subicura/subicura.github.io\u001b[0m\r\u001b[A\u001b[0m\u001b[27m\u001b[24m\u001b[39m\r\u001b[2C\u001b[32mcat\u001b[39m `s /Users/subicura/Workspace/github.com/subicura/subicura.github.io\u001b[K\u001b[39m\u001b[48D.zshrc                                          \u001b[42D\r\r\n"
    ],
    [
      0.00031,
      "\u001b[0m/Users/subicura/Workspace/github.com/subicura/subicura.github.io\r\u001b[1B\u001b[7m/Users/subicura/.zshrc                                          \u001b[0m\r\u001b[A\u001b[A\u001b[0m\u001b[27m\u001b[24m\u001b[39m\r\u001b[2C\u001b[32mcat\u001b[39m `s /Users/subicura/.zshrc\u001b[K\u001b[39m"
    ],
    [
      2.205726,
      "\r\r\n\u001b[J\u001b[A\u001b[31C\u001b[1m \u001b[0m"
    ],
    [
      0.004423,
      "\b\u001b[0m `"
    ],
    [
      1.740885,
      "\u001b[?1l\u001b>"
    ],
    [
      0.001505,
      "\u001b[?2004l\r\r\n\u001b[J"
    ],
    [
      0.000773,
      "\u001b]2;cat `s /Users/subicura/.zshrc `\u0007\u001b]1;cat\u0007"
    ],
    [
      0.047609,
      "\u001b]0;subicura.github.io: cat `s /Users/subicura/.zshrc `\u0007"
    ],
    [
      0.056941,
