{
  "version": 1,
  "width": 80,
  "height": 25,
  "duration": 63.648747,
  "command": null,
  "title": null,
  "env": {
    "TERM": "xterm-256color",
    "SHELL": "/bin/zsh"
  },
  "stdout": [
    [
      0.389315,
      "\u001b]0;~/Workspace/project/github.com/subicura/sinatra\u0007"
    ],
    [
      0.013771,
      "\r\n\u001b[34m~/Workspace/project/github.com/subicura/sinatra\u001b[39m\u001b[38;5;242m\u001b[39m\u001b[36m\u001b[39m\u001b[33m\u001b[39m\r\n"
    ],
    [
      8.9e-05,
      "\u001b]2;subicura@subicuraui-MacBook-Pro: ~/Workspace/project/github.com/subicura/sinatra\u0007\u001b]1;..icura/sinatra\u0007"
    ],
    [
      0.000442,
      "\u001b[0m\u001b[27m\u001b[24m\u001b[J\u001b[35m❯\u001b[39m \u001b[K"
    ],
    [
      2.3e-05,
      "\u001b[?1h\u001b="
    ],
    [
      9.2e-05,
      "\u001b[?2004h"
    ],
    [
      0.726945,
      "d"
    ],
    [
      0.073129,
      "\bdo"
    ],
    [
      0.117803,
      "c"
    ],
    [
      0.040156,
      "k"
    ],
    [
      0.127544,
      "e"
    ],
    [
      0.08865,
      "r"
    ],
    [
      0.031856,
      " "
    ],
    [
      0.152117,
      "r"
    ],
    [
      0.042089,
      "u"
    ],
    [
      0.198315,
      "n"
    ],
    [
      0.070827,
      " "
    ],
    [
      0.264781,
      "-"
    ],
    [
      0.135202,
      "-"
    ],
    [
      0.120791,
      "r"
    ],
    [
      0.079239,
      "m"
    ],
    [
      0.088215,
      " "
    ],
    [
      0.200895,
      "\\"
    ],
    [
      0.478461,
      "\u001b[?1l\u001b>"
    ],
    [
      4.5e-05,
      "\u001b[?2004l\r\r\n"
    ],
    [
      0.000954,
      "\u001b[0m\u001b[27m\u001b[24m\u001b[J> \u001b[K"
    ],
    [
      4.5e-05,
      "\u001b[?1h\u001b=\u001b[?2004h"
    ],
    [
      0.504131,
      "-"
    ],
    [
      0.191107,
      "\b-p"
    ],
    [
      0.104248,
      " "
    ],
    [
      0.146238,
      "4"
    ],
    [
      0.221968,
      "5"
    ],
    [
      0.224352,
      "6"
    ],
    [
      0.51197,
      "7"
    ],
    [
      0.543367,
      ":"
    ],
    [
      0.271875,
      "4"
    ],
    [
      0.200687,
      "5"
    ],
    [
      0.215864,
      "6"
    ],
    [
      0.21621,
      "7"
    ],
    [
      0.215484,
      " "
    ],
    [
      0.151567,
      "\\"
    ],
    [
      0.656938,
      "\u001b[?1l\u001b>"
    ],
    [
      3.2e-05,
      "\u001b[?2004l\r\r\n"
    ],
    [
      0.001357,
      "\u001b[0m\u001b[27m\u001b[24m\u001b[J> \u001b[K"
    ],
    [
      5.2e-05,
      "\u001b[?1h\u001b="
    ],
    [
      0.000119,
      "\u001b[?2004h"
    ],
    [
      0.221765,
      "-"
    ],
    [
      0.152441,
      "\b-v"
    ],
    [
      0.128156,
      " "
    ],
    [
      0.266215,
      "$"
    ],
    [
      0.325342,
      "P"
    ],
    [
      0.090625,
      "W"
    ],
    [
      0.117834,
      "D"
    ],
    [
      0.423144,
      ":"
    ],
    [
      0.216094,
      "/"
    ],
    [
      0.194428,
      "u"
    ],
    [
      0.078284,
      "s"
    ],
    [
      0.063989,
      "r"
    ],
    [
      0.079848,
      "/"
    ],
    [
      0.393763,
      "s"
    ],
    [
      0.078326,
      "r"
    ],
    [
      0.183993,
      "c"
    ],
    [
      0.072231,
      "/"
    ],
    [
      0.167301,
      "a"
    ],
    [
      0.087222,
      "p"
    ],
    [
      0.144973,
      "p"
    ],
    [
      0.250844,
      "\\"
    ],
    [
      0.949134,
      "\b \b"
    ],
    [
      0.082127,
      " "
    ],
    [
      0.086169,
      "\\"
    ],
    [
      0.359895,
      "\u001b[?1l\u001b>"
    ],
    [
      3.4e-05,
      "\u001b[?2004l\r\r\n"
    ],
    [
      0.001424,
      "\u001b[0m\u001b[27m\u001b[24m\u001b[J> \u001b[K"
    ],
    [
      4.4e-05,
      "\u001b[?1h\u001b="
    ],
    [
      2.6e-05,
      "\u001b[?2004h"
    ],
    [
      0.685657,
      "-"
    ],
    [
      0.401845,
      "\b-w"
    ],
    [
      0.110937,
      " "
    ],
    [
      0.159514,
      "/"
    ],
    [
      0.208538,
      "u"
    ],
    [
      0.088003,
      "s"
    ],
    [
      0.0496,
      "r"
    ],
    [
      0.125694,
      "/"
    ],
    [
      0.264571,
      "s"
    ],
    [
      0.079536,
      "r"
    ],
    [
      0.162707,
      "c"
    ],
    [
      0.125919,
      "/"
    ],
    [
      0.209002,
      "a"
    ],
    [
      0.078895,
      "p"
    ],
    [
      0.159979,
      "p"
    ],
    [
      0.150777,
      " "
    ],
    [
      0.177297,
      "\\"
    ],
    [
      0.711918,
      "\u001b[?1l\u001b>"
    ],
    [
      3.7e-05,
      "\u001b[?2004l\r\r\n"
    ],
    [
      0.001427,
      "\u001b[0m\u001b[27m\u001b[24m\u001b[J> \u001b[K"
    ],
    [
      3.8e-05,
      "\u001b[?1h\u001b="
    ],
    [
      5.2e-05,
      "\u001b[?2004h"
    ],
    [
      0.168157,
      "r"
    ],
    [
      0.109892,
      "\bru"
    ],
    [
      0.090152,
      "b"
    ],
    [
      0.085711,
      "y"
    ],
    [
      0.072325,
      " "
    ],
    [
      0.176351,
      "\\"
    ],
    [
      0.616601,
      "\u001b[?1l\u001b>"
    ],
    [
      8e-05,
      "\u001b[?2004l\r\r\n"
    ],
    [
      0.001151,
      "\u001b[0m\u001b[27m\u001b[24m\u001b[J> \u001b[K"
    ],
    [
      2.6e-05,
      "\u001b[?1h\u001b=\u001b[?2004h"
    ],
    [
      0.301393,
      "b"
    ],
    [
      0.114568,
      "\bba"
    ],
    [
      0.109857,
      "s"
    ],
    [
      0.089817,
      "h"
    ],
    [
      0.085552,
      " "
    ],
    [
      0.240227,
      "c"
    ],
    [
      0.457922,
      "\b \b"
    ],
    [
      0.109626,
      "-"
    ],
    [
      0.096927,
      "c"
    ],
    [
      0.119801,
      " "
    ],
    [
      0.583622,
      "\""
    ],
    [
      0.208,
      "b"
    ],
    [
      0.08757,
      "u"
    ],
    [
      0.159983,
      "n"
    ],
    [
      0.088281,
      "d"
    ],
    [
      0.080438,
      "l"
    ],
    [
      0.071689,
      "e"
    ],
    [
      0.104467,
      " "
    ],
    [
      0.152182,
      "i"
    ],
    [
      0.080109,
      "n"
    ],
    [
      0.063288,
      "s"
    ],
    [
      0.095819,
      "t"
    ],
    [
      0.087856,
      "a"
    ],
    [
      0.063904,
      "l"
    ],
    [
      0.146954,
      "l"
    ],
    [
      0.084839,
      " "
    ],
    [
      0.505213,
      "&"
    ],
    [
      0.143878,
      "&"
    ],
    [
      0.21508,
      " "
    ],
    [
      0.168445,
      "b"
    ],
    [
      0.065935,
      "u"
    ],
    [
      0.158405,
      "n"
    ],
    [
      0.104268,
      "d"
    ],
    [
      0.127755,
      "l"
    ],
    [
      0.072363,
      "e"
    ],
    [
      0.159557,
      " "
    ],
    [
      0.193931,
      "e"
    ],
    [
      0.221739,
      "x"
    ],
    [
      0.231619,
      "e"
    ],
    [
      0.088834,
      "c"
    ],
    [
      0.20817,
      " "
    ],
    [
      0.233208,
      "r"
    ],
    [
      0.110519,
      "u"
    ],
    [
      0.111995,
      "b"
    ],
    [
      0.088139,
      "y"
    ],
    [
      0.079859,
      " "
    ],
    [
      0.07941,
      "a"
    ],
    [
      0.064546,
      "p"
    ],
    [
      0.160033,
      "p"
    ],
    [
      0.159567,
      "."
    ],
    [
      0.080146,
      "r"
    ],
    [
      0.199576,
      "b"
    ],
    [
      0.360733,
      " "
    ],
    [
      0.143278,
      "-"
    ],
    [
      0.216311,
      "o"
    ],
    [
      0.096526,
      " "
    ],
    [
      0.143952,
      "0"
    ],
    [
      0.191266,
      "."
    ],
    [
      0.208752,
      "0"
    ],
    [
      0.184004,
      "."
    ],
    [
      0.206864,
      "0"
    ],
    [
      0.167951,
      "."
    ],
    [
      0.209152,
      "0"
    ],
    [
      0.287284,
      "\""
    ],
    [
      0.440115,
      "\u001b[?1l\u001b>"
    ],
    [
      2.6e-05,
      "\u001b[?2004l\r\r\n"
    ],
    [
      0.00235,
